{
  "config": {
    "ignore_stop_words": true,
    "unit_name": "lookup_intent_parser"
  },
  "entity_scopes": [
    {
      "entity_scope": {
        "builtin": [],
        "custom": [
          "yesno"
        ]
      },
      "intent_group": [
        "muki:confirmation"
      ]
    },
    {
      "entity_scope": {
        "builtin": [
          "snips/date"
        ],
        "custom": []
      },
      "intent_group": [
        "muki:getCalls",
        "muki:getMissedCalls"
      ]
    },
    {
      "entity_scope": {
        "builtin": [],
        "custom": []
      },
      "intent_group": [
        "muki:getDate",
        "muki:getTime"
      ]
    }
  ],
  "intents_names": [
    "muki:confirmation",
    "muki:getCalls",
    "muki:getDate",
    "muki:getMissedCalls",
    "muki:getTime"
  ],
  "language_code": "en",
  "map": {
    "-2102186976": [
      3,
      [
        1
      ]
    ],
    "-2024389586": [
      4,
      []
    ],
    "-1977165259": [
      3,
      []
    ],
    "-1925227959": [
      4,
      []
    ],
    "-1762055037": [
      2,
      []
    ],
    "-1664200909": [
      1,
      [
        1
      ]
    ],
    "-1573378177": [
      2,
      []
    ],
    "-1544621872": [
      3,
      [
        1
      ]
    ],
    "-1543246638": [
      3,
      []
    ],
    "-1481692919": [
      1,
      []
    ],
    "-1422718137": [
      1,
      [
        1
      ]
    ],
    "-1379744125": [
      1,
      []
    ],
    "-1378321737": [
      2,
      []
    ],
    "-1249358166": [
      2,
      []
    ],
    "-1109712340": [
      3,
      [
        1
      ]
    ],
    "-1096026367": [
      3,
      []
    ],
    "-979493946": [
      1,
      []
    ],
    "-934189198": [
      2,
      []
    ],
    "-888567708": [
      3,
      [
        1
      ]
    ],
    "-878285104": [
      1,
      []
    ],
    "-821894995": [
      3,
      []
    ],
    "-749094255": [
      3,
      []
    ],
    "-720516118": [
      4,
      []
    ],
    "-689162000": [
      2,
      []
    ],
    "-591441942": [
      2,
      []
    ],
    "-582524946": [
      4,
      []
    ],
    "-551670761": [
      4,
      []
    ],
    "-544991972": [
      1,
      []
    ],
    "-482586865": [
      0,
      [
        0
      ]
    ],
    "-469842258": [
      2,
      []
    ],
    "-350740683": [
      4,
      []
    ],
    "-330097898": [
      3,
      []
    ],
    "-329961409": [
      2,
      []
    ],
    "-229401447": [
      3,
      []
    ],
    "-110620155": [
      2,
      []
    ],
    "-109120246": [
      1,
      []
    ],
    "63252897": [
      1,
      [
        1
      ]
    ],
    "190592527": [
      1,
      [
        1
      ]
    ],
    "425362770": [
      3,
      []
    ],
    "425597375": [
      4,
      []
    ],
    "581200398": [
      1,
      []
    ],
    "613042712": [
      3,
      []
    ],
    "630544304": [
      2,
      []
    ],
    "711584490": [
      2,
      []
    ],
    "782209924": [
      4,
      []
    ],
    "888668293": [
      1,
      [
        1
      ]
    ],
    "1156111547": [
      3,
      []
    ],
    "1258666418": [
      1,
      []
    ],
    "1460368643": [
      2,
      []
    ],
    "1593930038": [
      4,
      []
    ],
    "1663048959": [
      3,
      []
    ],
    "1741058996": [
      1,
      []
    ],
    "1917744419": [
      3,
      []
    ],
    "2064388063": [
      1,
      []
    ]
  },
  "slots_names": [
    "answer",
    "refTime"
  ],
  "stop_words_whitelist": {
    "muki:confirmation": [
      "ok"
    ]
  }
}