{
  "id" : "proj_BAYAr2l4k5z",
  "name" : "Snipek",
  "intents" : [ {
    "id" : "muki:getCalls",
    "type" : "registry",
    "version" : "2.0.0",
    "language" : "en",
    "slots" : [ {
      "name" : "refTime",
      "id" : "slot_imported_37ChzEXkE",
      "entityId" : "snips/date",
      "missingQuestion" : "",
      "required" : false
    } ],
    "name" : "getCalls",
    "enabledByDefault" : true
  }, {
    "id" : "muki:getMissedCalls",
    "type" : "registry",
    "version" : "2.0.0",
    "language" : "en",
    "slots" : [ {
      "name" : "refTime",
      "id" : "OnORnQX8j",
      "entityId" : "snips/date",
      "missingQuestion" : "",
      "required" : false
    } ],
    "name" : "getMissedCalls",
    "enabledByDefault" : true
  }, {
    "id" : "muki:getTime",
    "type" : "registry",
    "version" : "2.0.0",
    "language" : "en",
    "slots" : [ ],
    "name" : "getTime",
    "enabledByDefault" : true
  }, {
    "id" : "muki:getDate",
    "type" : "registry",
    "version" : "1.0.0",
    "language" : "en",
    "slots" : [ ],
    "name" : "getDate",
    "enabledByDefault" : true
  }, {
    "id" : "muki:confirmation",
    "type" : "registry",
    "version" : "2.0.0",
    "language" : "en",
    "slots" : [ {
      "name" : "answer",
      "id" : "S18QC6nHM",
      "entityId" : "entity_BoEkEZy5Paz",
      "missingQuestion" : "",
      "required" : false
    } ],
    "name" : "confirmation",
    "enabledByDefault" : false
  } ],
  "createdAt" : "2019-10-05T16:37:16.860Z",
  "language" : "en",
  "version" : {
    "nluModel" : "0.20.1"
  },
  "platform" : {
    "type" : "raspberrypi"
  },
  "asr" : {
    "type" : "snips"
  },
  "analyticsEnabled" : false,
  "heartbeatEnabled" : false,
  "hotword" : "hey_snips"
}